"step","flux_u2"
0,-0.23331794
1000,97.88328
2000,98.05673
3000,98.17976
4000,98.21957
5000,97.99371
6000,98.51839
7000,98.54793
8000,98.5686
9000,98.52836
10000,98.45857
