"step","flux_u1"
0,-0.031705506
1000,0.97646093
2000,0.98544574
3000,0.9874392
4000,0.9881693
5000,0.9865625
6000,0.9845178
7000,0.98496735
8000,0.98662937
9000,0.9858006
10000,0.9874028
