"step","flux_u2"
0,0.034715228
1000,96.77974
2000,98.33535
3000,98.64504
4000,98.679375
5000,98.641205
6000,98.89484
7000,98.89737
8000,98.92383
9000,98.970215
10000,98.98514
