"step","flux_u2"
0,0.014078388
1000,98.084404
2000,99.08416
3000,99.08218
4000,99.02245
5000,99.019516
