"step","flux_u1"
0,0.038822483
1000,0.98635167
2000,0.9886041
3000,0.9888304
4000,0.99367976
5000,0.99019885
