"step","flux_u1"
0,-0.027871335
1000,0.9339494
2000,0.98590386
3000,0.98775715
4000,0.98570764
5000,0.9899296
