"step","flux_u2"
0,-0.043540616
1000,98.48931
2000,98.81612
3000,99.1588
4000,98.94237
5000,98.9758
